summonerName,label
스카이러너쌕쓰,1
음악마술사좋같은,1
신비의섬십색,1
루나틱스톰빠도리,1
플래시메모리십넘,1
에픽워리어븡쉰,1
드림캐처ㅆ앙,1
섀도우퀸젓밥,1
코스믹플레이어입안사정,1
미스터리메이져보지나라,1
토네이도소울쌕수,1
스타더스트드림음경,1
플로라마스터폰섹,1
아이언픽셀젖꼭지,1
솔라플레어갈보,1
버블블리코쓰글놈,1
라이트닝스트라이크개새,1
페어리테일좆대가리,1
올드마법사호로,1
네오네모큰보지,1
블리치드윙공짜버그,1
픽셀퓨전씹뻘,1
네오스톰싯빨,1
실버서퍼자위기구,1
매직워치좃나,1
세레니티ㅅㅂㄹㅁ,1
크로노스플레이어시방,1
퀀텀퀸18것,1
선셋라이더ckdska,1
라스트메모리보쥐,1
홀로그린십알,1
레트로라이트미친섹이,1
마법의소녀꺼져,1
프로스트파이어붕딲,1
스피릿하트개년,1
에어로메이저병씬,1
프로토니움플레이넣게벌려,1
미라클메이커캐시버그,1
엔더마스터번쎅,1
드래곤소울오나니,1
황금시티좋만,1
블랙옵스불알,1
익스플로라얌마,1
실버스트림쌰앙눔,1
로맨틱헤일아이템메니아,1
트와일라잇미친년,1
화이트매직호스트빠,1
에코스타색녀,1
글로우픽셀지미랄,1
티탄플레이어씾팔,1
스타더스트마스터죽고잡,1
퍼플파워생쑈,1
아쿠아마린개세끼,1
엔더나이트색쓰,1
레전드워리어닥쵸,1
스노우퀸빠돌이,1
아우라메이저오럴,1
마법의미러간나,1
레드스카이좃까는,1
크리스탈프린세스개섀끼,1
블루불릿구녕,1
섀도우블레이드챵년,1
화이트위치썩을년,1
크로마틱퀸음액,1
플래시블레이즈꼬츄,1
플루토니움플레이어씨빨,1
스카이폭스젖꼮찌,1
아크틱윈드니좆,1
플레임워치성추행,1
샤도우스카우터젖같은,1
에메랄드아이씹색히,1
오로라스파크캐시버그,1
메테오라이트심발끈,1
크림슨블레이드개뿔,1
세븐서피시펄,1
네온퀸십색꺄,1
블레이즈마법사씹세이,1
크립톤나이트쎡,1
에어리얼마스터젖까,1
샌드스톰룸섹스,1
블루플레임10팔연,1
실버아로우탱구,1
썬더스트라이더개접,1
글로벌위치씨이발,1
피닉스블레이드쪼다,1
알파스파크색광,1
레이저메이저쌕,1
프로피시씹탱,1
스카이브레이즈부카케,1
미스티코블러따먹고싶다,1
아스트랄블리츠페니스,1
시그마플레이어개쌍놈,1
레볼루션스카이알몸공개,1
에어리얼블레이즈아이템베이,1
플레임서피야설,1
퓨처메이저suck,1
네오스카이조진다,1
토네이도블레이드붱신,1
썬더퀸보지보지,1
로열메이지씨발놈,1
샛별이빛나는날18뇬,1
달빛강림자위녀,1
봄바람소리부럴,1
푸른하늘구름빠큐,1
작은숲속의빛잡뇬,1
소녀의꿈나라씨가랭,1
은은한별빛병싀,1
무지개하늘색뷍슨,1
달님의품에서씨붕,1
빛나는바다별씨방,1
햇살가득한날세에엑스,1
꽃피는봄날개구라,1
무한한평온색쑤,1
강가에앉아서쓰바,1
산새소리마을쎡,1
푸른숲속의꿈개조또,1
별이빛나는밤뽀르노,1
강물흐르는길개세끼,1
달빛길을따라샹늠,1
미소가가득한날젓밥,1
봄날의바람게뇽,1
물결치는바다개쇄끼,1
조용한밤하늘삥쒼,1
햇살가득한봄개족,1
소녀의작은성상놈이,1
빛나는별들병쉰,1
새벽의햇살병싀,1
달빛이비치는곳죶가튼,1
봄소풍하는날염병할,1
푸른하늘아래십팔,1
빛의소녀x대가리,1
달빛아래서돈놈,1
푸른바다속으로폰쎅,1
꽃이피는곳썅녀,1
봄날의햇살색걸,1
푸른언덕위로뻐킹,1
달빛놀이하는밤병싄,1
미소가꽃피는곳십쉐리,1
바람결에노래빸유,1
봄날의행복쉬발,1
소년과소녀의꿈불할,1
봄비오는날씨발,1
달빛이비치는순간jaji,1
천국의꽃나무욤병,1
하얀설레임씨댕,1
봄날의향기개부랄,1
달빛으로물든밤섹마,1
봄나무그늘아래세액스,1
빛나는별빛짜아식,1
강가에핀꽃ㅁㅊ,1
소녀와나무븅싄,1
바다빛소리개씌끼,1
봄날의기억호구,1
푸른하늘의마음좇이,1
새벽빛으로물든자위,1
달빛가득한밤엿같,1
봄날의소녀양년,1
별이흘러가는밤쎡,1
푸른바다품에서근친상간,1
달빛눈부신밤씹쉐,1
봄날의햇살가득버즤,1
빛나는나무그늘싯팔,1
소녀의몽환씹때끼,1
봄이만들어낸샥스,1
햇살가득한봄날좆만,1
봄비흩날리며박아줄께,1
달빛이비치는하룻밤좃,1
봄날의빛나는하룻밤썅놈,1
별이쏟아지는밤알몸공개,1
달빛에안겨있는18눔,1
봄날의따스함븅신,1
산소리가들려오는샹년,1
빛나는별들의무덤샤앙년,1
봄날의작은숲sipal,1
달빛아래에서개지랄,1
별이빛나는밤하늘싸발년,1
봄밤의소리섹수,1
푸른하늘과바다10새,1
봄이여오라개부랄,1
봄소풍가는길씨부렁,1
바람이불어와서damm,1
소녀와달빛니귀미,1
달빛이내리는곳죽통,1
봄날의풍경개셋키,1
햇살가득한풍경함대줄래,1
봄이소식하는날ㅆ앙,1
달빛의마음좇이,1
봄날의소리개씨팕,1
별이빛나는해가병싄,1
봄밤의햇살씹헐,1
푸른하늘에비치는개쐑,1
봄소녀의눈동자섹할,1
바람소리가들리는쎽,1
봄날의숲길쑤우시자,1
햇살가득한봄날에세뀌,1
봄소녀와꽃나무g랄,1
달빛속으로씌파,1
봄날의소리와풍경쉬펄,1
소녀와별빛뷩싄,1
달빛에물들다챵년,1
봄이피는날whw,1
푸른하늘과나무샤앙년,1
봄날의빛과음악삥쒼,1
달빛이내리는밤씹,1
봄소년과햇살변섹,1
별이빛나는하늘에고츄,1
봄날의비밀미친자식,1
산새가노래하는씹놈,1
달빛과함께조루,1
봄날의행복한걔새,1
푸른하늘과구름구라,1
봄이소리쳐오는꼽냐,1
소녀와햇살쁑신,1
달빛아래서노래하는젓만한,1
봄날의작은공간젓밥,1
봄비내리는밤십세끼,1
달빛이내리는봄ㅅㅐ,1
봄이만들어낸향기개쉑히,1
푸른하늘과강가ㅆㅂㄹㅁ,1
봄바람에물든씨뎅,1
달빛에물든숲씹때끼,1
봄날의행복한날좁밥,1
달빛의소리보지,1
봄이라는이름개쉨,1
봄날의소리와햇살주뎅,1
푸른하늘과봄죶빠지게,1
달빛의향기아갈,1
봄이소식하는곳간나,1
봄소풍가는숲씨이벌,1
봄날의작은빛쒞,1
푸른하늘과별빛씨뱔,1
봄이소풍가는길개같네,1
달빛아래서노래뎡신,1
봄날의작은소녀꼴리는,1
소녀의봄날쓰불,1
달빛의소리와빛ckdsus,1
봄비내리는햇살붕가,1
푸른하늘아래서개눔,1
봄날의빛과소리쥐롤,1
소년의봄날니애비,1
봄날의작은별10팔년,1
달빛아래서노래하는꺼져,1
봄날의따스함과햇살뽀쥐,1
봄소년과소녀개젖,1
푸른하늘과별빛아갈통,1
봄날의빛개같은,1
소녀와햇살캐시버그,1
달빛의봄날니귀미,1
봄이소식하는씹할연,1
봄소녀와꽃좆이,1
봄날의행복개자슥,1
소녀와달빛젖도,1
달빛의봄날에좆이,1
봄날의비밀미틴년,1
소년과봄좁밥,1
봄이라는행복쌴년,1
봄소년과햇살개좌식,1
푸른하늘과숲뱅쉰,1
봄이소식하는봄곧츄,1
달빛아래에서성폭력,1
봄날의행복한날씨벨년,1
봄날의소리와햇살개색기,1
소녀와봄뽀르나,1
푸른하늘과봄눈까러,1
달빛의향기자위남,1
봄이소식하는곳씨불,1
봄소풍가는숲개씹,1
소년의봄날개자싁,1
달빛아래서노래하는색남,1
봄날의따스함과햇살썅넘,1
봄소년과소녀주둥이,1
푸른하늘과별빛쌩포르노,1
봄날의빛g랄,1
소녀와햇살좆이,1
달빛의봄날보지구멍,1
봄이소식하는놈현,1
봄소녀와꽃게세끼,1
봄날의행복호로색,1
소녀와달빛젖가튼,1
달빛의봄날에포르노,1
봄날의비밀원조교재,1
소년과봄아구창,1
봄이라는행복사이버섹스,1
봄소년과햇살빠굴,1
푸른하늘과숲붕뛴,1
봄이소식하는봄미친새끼,1
달빛아래에서삐리리,1
봄날의행복한날게섹,1
봄날의소리와햇살앰병,1
소녀와봄조빠지게,1
푸른하늘과봄씹색끼,1
달빛의향기뵹싄,1
봄이소식하는곳미틴,1
봄소풍가는숲성욕구,1
소년의봄날디질래,1
달빛아래서노래하는빠큐,1
봄날의따스함과햇살씨브,1
봄소년과소녀느검,1
푸른하늘과별빛10알,1
봄날의빛씨부리,1
소녀와햇살개쇅끼,1
달빛의봄날곧츄,1
봄이소식하는씹색히,1
봄소녀와꽃뺑신,1
봄날의행복돌은놈,1
소녀와달빛젖빠지게,1
달빛의봄날에조루,1
봄날의비밀조낸,1
소년과봄광뇬,1
봄이라는행복호모섹기,1
봄소년과햇살뵹싄,1
푸른하늘과숲조빠라,1
봄이소식하는봄난교,1
달빛아래에서좆만,1
봄날의행복한날쓰글늠,1
봄날의소리와햇살쇅끼,1
소녀와봄왕보지,1
푸른하늘과봄씹보지년,1
달빛의향기씹쌔,1
봄이소식하는곳빌어먹,1
봄소풍가는숲오입,1
소년의봄날야설,1
달빛아래서노래하는개좆,1
봄날의따스함과햇살좃,1
봄소년과소녀좆까는,1
푸른하늘과별빛10쌔기,1
봄날의빛세뀌,1
소녀와햇살쒸벌,1
달빛의봄날씨브랄,1
봄이소식하는18노,1
봄소녀와꽃걔시끼,1
봄날의행복사까아시,1
소녀와달빛씨엑스,1
달빛의봄날에젖나게,1
봄날의비밀10알,1
소년과봄뷩신,1
봄이라는행복개쉑히,1
봄소년과햇살꼬봉,1
푸른하늘과숲씨블,1
봄이소식하는봄미틴뇬,1
달빛아래에서씹색히,1
ShadowWhisper좆대가리,1
MysticDreamer최음제,1
AuroraWanderer개똥,1
NebulaNomad폰섹,1
EnigmaEclipse성관계,1
EmberPhoenix개쒯,1
EtherealVoyager샫업,1
SerenityShade옘빙,1
MysticMirage개썅놈,1
StardustSeeker좆밥,1
RadiantReverie늬미,1
VelvetVagabond느검,1
AzureAstral새X,1
DreamerDrifter샤앙년,1
NebulaNomad씨발,1
MoonlitMystic색걸,1
MysticMelody호로년,1
EnigmaElysium씨펄,1
LunaLullaby니미랄,1
RadiantReverie개싯끼,1
VelvetVagabond뿅신,1
AzureAstral함빨자,1
DreamerDrifter젓나게,1
NebulaNomad씨브,1
MoonlitMystic색히,1
MysticMelody세퀴,1
EnigmaElysium곶츄,1
LunaLullaby썅,1
RadiantReverie십넘,1
VelvetVagabond좃또,1
AzureAstral씹팔년,1
DreamerDrifter성충동,1
NebulaNomad쫍빱,1
MoonlitMystic자위기구,1
MysticMelody미친년,1
EnigmaElysium좆만,1
LunaLullaby아가리,1
RadiantReverieㅅㅍ,1
VelvetVagabond보쥐,1
AzureAstral상노무,1
DreamerDrifter샫업,1
NebulaNomad시끼,1
MoonlitMystic싸앙년,1
MysticMelody씨벨,1
EnigmaElysium쌉년,1
LunaLullaby개쌔꺄,1
RadiantReverie캐시키,1
VelvetVagabond성체위,1
AzureAstral오랄,1
DreamerDrifter개싀끼,1
NebulaNomad좃까,1
MoonlitMystic뮈친섹이,1
MysticMelody써벌,1
EnigmaElysium개섺,1
LunaLullaby개샥,1
RadiantReverie씸년,1
VelvetVagabond이새키,1
AzureAstral뒈진다,1
NebulaNomad자슥,1
MoonlitMystic왜년,1
MysticMelody뿡알,1
EnigmaElysium좃나게,1
LunaLullaby쥬디,1
RadiantReverie오나니,1
AzureAstral싹아지,1
DreamerDrifter씹색꺄,1
NebulaNomad개세끼,1
MoonlitMystic씹빡,1
MysticMelody빠도리,1
EnigmaElysium젖탱이,1
LunaLullaby개쒝끼,1
RadiantReverie십색,1
VelvetVagabond개보지,1
AzureAstral개새리,1
DreamerDrifter씹씨키,1
NebulaNomad개씌끼,1
MoonlitMystic쑤우시자,1
MysticMelody개넘,1
EnigmaElysium미틴년,1
LunaLullaby썅넌,1
RadiantReverie미틴놈,1
VelvetVagabond닭쳐,1
AzureAstral씹세끼,1
DreamerDrifter니에미,1
NebulaNomad메친놈,1
MoonlitMystic18놈,1
MysticMelody성욕구,1
EnigmaElysium빡유,1
LunaLullaby씸년,1
RadiantReverie오라질,1
VelvetVagabond엠창,1
AzureAstral색키,1
DreamerDrifter몸캠,1
NebulaNomad젖꼭지,1
MoonlitMystic샹놈,1
MysticMelody개자슥,1
EnigmaElysium꼬우냐,1
LunaLullaby뱡신,1
RadiantReverie뷩싄,1
VelvetVagabond개졎,1
AzureAstral개샥,1
DreamerDrifter븡딱,1
NebulaNomad상놈의,1
MoonlitMystic시방,1
MysticMelody세꺄,1
EnigmaElysium개싯끼,1
LunaLullaby개쉑,1
RadiantReverie섹하자,1
VelvetVagabond씹년,1
AzureAstral큰보지,1
DreamerDrifter싲팔,1
NebulaNomad자지,1
MoonlitMystic포르노,1
MysticMelody씹세끼,1
EnigmaElysium뷩쉰,1
LunaLullaby씨벵,1
RadiantReverie애미,1
AzureAstral원조교재,1
DreamerDrifter개쇅기,1
NebulaNomad씨발놈,1
MoonlitMystic시부랄,1
MysticMelody좆까는,1
EnigmaElysium십때꺄,1
LunaLullaby씹딱꿍,1
RadiantReverie십할,1
VelvetVagabond쉽알,1
AzureAstral겁탈,1
DreamerDrifter오라질,1
NebulaNomad쌍뇽,1
MoonlitMystic부부섹스,1
MysticMelody돌아이,1
EnigmaElysiumx대가리,1
LunaLullaby보오지,1
RadiantReverie죽통,1
AzureAstral개졋,1
DreamerDrifter을년,1
NebulaNomad씨빠,1
MoonlitMystic좇이,1
MysticMelody씻퐁,1
EnigmaElysium뮈칀세끼,1
LunaLullaby개씨끼,1
RadiantReverie걔새,1
VelvetVagabond씨봉,1
AzureAstral씹쌔기,1
DreamerDrifter개지랄,1
NebulaNomad세갸,1
MoonlitMystic앰창,1
MysticMelody10할연,1
EnigmaElysium씨봉알,1
LunaLullaby시방,1
RadiantReverie미친,1
VelvetVagabond쌕꺄,1
AzureAstral뼝신,1
NebulaNomad개색히,1
MoonlitMystic쏐,1
MysticMelody보짖물,1
EnigmaElysium10팔놈,1
LunaLullabysex,1
RadiantReverie빠수니,1
VelvetVagabond쉣,1
AzureAstral쉬펄,1
DreamerDrifter씨방,1
NebulaNomad색할,1
MoonlitMystic십쇄리,1
MysticMelodyㅆㅍ,1
EnigmaElysium개스끼,1
LunaLullaby개쉑,1
VelvetVagabond씹새리,1
AzureAstral공짜버그,1
DreamerDrifter개새끼,1
NebulaNomad니기미,1
MoonlitMystic싸가지,1
MysticMelody조빠라,1
EnigmaElysium쌰앙뉸,1
LunaLullaby구멍,1
RadiantReverie개씹,1
VelvetVagabond십색,1
AzureAstral18눔,1
DreamerDrifter개아들,1
NebulaNomad섹s,1
MoonlitMystic후뢰,1
MysticMelody썅넌,1
EnigmaElysium늬미럴,1
LunaLullaby허벌창,1
RadiantReverie시벌,1
VelvetVagabond아갈이,1
AzureAstral개색,1
DreamerDrifter곧휴,1
NebulaNomad미친섹이,1
MoonlitMystic앂년,1
MysticMelodywkwl,1
EnigmaElysium빡유,1
LunaLullaby개뻥,1
RadiantReverie음란,1
VelvetVagabond개색기,1
AzureAstral싸줄께,1
DreamerDrifter뱅신,1
NebulaNomad니미랄,1
MoonlitMystic보짓물,1
MysticMelody스패킹,1
EnigmaElysium시펄,1
LunaLullaby빌어먹,1
VelvetVagabond색마,1
